{
    "key": "group_595f07b0dab33",
    "title": "Project Gallery",
    "fields": [
        {
            "key": "field_595f07b998e28",
            "label": "",
            "name": "projectGallery",
            "type": "gallery",
            "instructions": "",
            "required": 0,
            "conditional_logic": 0,
            "wrapper": {
                "width": "",
                "class": "hide-label",
                "id": ""
            },
            "min": "",
            "max": "",
            "insert": "append",
            "library": "all",
            "min_width": "",
            "min_height": "",
            "min_size": "",
            "max_width": "",
            "max_height": "",
            "max_size": "",
            "mime_types": "jpg, jpeg, png, svg, gif"
        },
        {
            "key": "field_5b583c2505867",
            "label": "Client Logo",
            "name": "projectClientLogo",
            "type": "image",
            "instructions": "",
            "required": 0,
            "conditional_logic": 0,
            "wrapper": {
                "width": "",
                "class": "",
                "id": ""
            },
            "return_format": "id",
            "preview_size": "thumbnail",
            "library": "all",
            "min_width": "",
            "min_height": "",
            "min_size": "",
            "max_width": "",
            "max_height": "",
            "max_size": "",
            "mime_types": ""
        },
        {
            "key": "field_5b641f6125fb9",
            "label": "Accent Color",
            "name": "projectAccentColor",
            "type": "color_picker",
            "instructions": "",
            "required": 0,
            "conditional_logic": 0,
            "wrapper": {
                "width": "",
                "class": "",
                "id": ""
            },
            "default_value": ""
        },
        {
            "key": "field_595f0eb7e8db8",
            "label": "Gallery Position",
            "name": "projectGalleryPosition",
            "type": "radio",
            "instructions": "Select the position of the gallery you want to show on the details page.",
            "required": 0,
            "conditional_logic": 0,
            "wrapper": {
                "width": "",
                "class": "",
                "id": ""
            },
            "choices": {
                "default": "Use Theme Setting",
                "top": "Top",
                "right": "Right",
                "bottom": "Bottom",
                "left": "Left"
            },
            "allow_null": 0,
            "other_choice": 0,
            "save_other_choice": 0,
            "default_value": "default",
            "layout": "horizontal",
            "return_format": "value"
        },
        {
            "key": "field_595f09b27f3d0",
            "label": "Gallery Style",
            "name": "projectGalleryStyle",
            "type": "radio",
            "instructions": "Select the style for project gallery that you want to shown.",
            "required": 0,
            "conditional_logic": 0,
            "wrapper": {
                "width": "",
                "class": "",
                "id": ""
            },
            "choices": {
                "default": "Use Theme Setting",
                "list": "List",
                "slider": "Slider",
                "grid": "Grid"
            },
            "allow_null": 0,
            "other_choice": 0,
            "save_other_choice": 0,
            "default_value": "default",
            "layout": "horizontal",
            "return_format": "value"
        },
        {
            "key": "field_595f0a247f3d1",
            "label": "Columns Per Row",
            "name": "projectGalleryColumns",
            "type": "radio",
            "instructions": "Number of columns per row.",
            "required": 0,
            "conditional_logic": [
                [
                    {
                        "field": "field_595f09b27f3d0",
                        "operator": "==",
                        "value": "grid"
                    }
                ]
            ],
            "wrapper": {
                "width": "",
                "class": "",
                "id": ""
            },
            "choices": {
                "default": "Use Theme Setting",
                "2": "2 Columns",
                "3": "3 Columns",
                "4": "4 Columns",
                "5": "5 Columns"
            },
            "allow_null": 0,
            "other_choice": 0,
            "save_other_choice": 0,
            "default_value": "",
            "layout": "vertical",
            "return_format": "value"
        }
    ],
    "location": [
        [
            {
                "param": "post_type",
                "operator": "==",
                "value": "nproject"
            }
        ]
    ],
    "menu_order": 0,
    "position": "normal",
    "style": "default",
    "label_placement": "left",
    "instruction_placement": "label",
    "hide_on_screen": "",
    "active": 1,
    "description": "",
    "modified": 1533288317
}